prompt1,prompt2,alpha_type,alpha_score
1a,1b,ordinal,0.4726270704815525
1a,1b,nominal,0.04623537784596521
1a,1c,ordinal,0.8384485882779995
1a,1c,nominal,0.6553898844409892
1b,1c,ordinal,0.5137624782790104
1b,1c,nominal,0.12667634228585978
