prompt1,prompt2,alpha_type,alpha_score
1a,1b,ordinal,0.41250695669423076
1a,1b,nominal,0.07542689616190978
1a,1c,ordinal,0.8270940490275932
1a,1c,nominal,0.6037932330408163
1b,1c,ordinal,0.3787692678717146
1b,1c,nominal,0.01339939883994734
